{"cameraMode":{"drawMode":0,"name":"Shaded","section":"Shading Mode"},"sceneLighting":true,"audioPlay":false,"sceneViewState":{"showFog":true,"showMaterialUpdate":false,"showSkybox":true,"showFlares":true,"showImageEffects":true,"showParticleSystems":true,"showVisualEffectGraphs":true,"m_FxEnabled":true},"in2DMode":false,"pivot":{"x":22.007762908935548,"y":-16.27265167236328,"z":16.387340545654298},"rotation":{"x":0.2387848198413849,"y":0.46832340955734255,"z":-0.13309764862060548,"w":0.8402051329612732},"size":20.031064987182618,"orthographic":false}