{"cameraMode":{"drawMode":0,"name":"Shaded","section":"Shading Mode"},"sceneLighting":true,"audioPlay":false,"sceneViewState":{"showFog":true,"showMaterialUpdate":false,"showSkybox":true,"showFlares":true,"showImageEffects":true,"showParticleSystems":true,"showVisualEffectGraphs":true,"m_FxEnabled":true},"in2DMode":false,"pivot":{"x":-208.56375122070313,"y":66.64383697509766,"z":1242.8890380859375},"rotation":{"x":-0.01679909974336624,"y":0.032085318118333819,"z":-0.0005480300751514733,"w":-0.9993525743484497},"size":899.8112182617188,"orthographic":false}