{"cameraMode":{"drawMode":0,"name":"Shaded","section":"Shading Mode"},"sceneLighting":true,"audioPlay":false,"sceneViewState":{"showFog":true,"showMaterialUpdate":false,"showSkybox":true,"showFlares":true,"showImageEffects":true,"showParticleSystems":true,"showVisualEffectGraphs":true,"m_FxEnabled":true},"in2DMode":false,"pivot":{"x":46.869998931884769,"y":18.17574691772461,"z":116.63768005371094},"rotation":{"x":0.14376460015773774,"y":0.39891543984413149,"z":-0.06348099559545517,"w":0.9034249782562256},"size":24.081737518310548,"orthographic":false}